tweet_id, user_id
'455641710803312640','500136846'
'455643713201381376','1559272813'
'455643915987591168','109927356'
'455644179905781760','2443638661'
'455644649471086593','23921974'
'455644721793486849','18032789'
'455649591250403328','55605563'
'455650383512080384','14858569'
'455650745086660608','101637415'
'455651302693806080','2188051795'
'455651312374267904','2188051795'
'455651639102156800','2188051795'
'455651787681595393','984272312'
'455652306588299264','2420375107'
'455652957854253057','1729079035'
'455653071805100034','312584835'
'455653081846280192','312584835'
'455653097021272064','312584835'
'455653104218669056','312584835'
'455653597657579520','28258283'
'455653681585614848','124995416'
'455653975006932992','174263614'
'455655076804456448','635154177'
'455655091215663104','621189373'
'455656189313814529','352471293'
'455656401973821440','443024949'
'455656581490036736','352471293'
'455657063180685312','883758746'
'455657979866800129','102325185'
'455659749594263552','2331979424'
'455660241560956928','1114166720'
'455660672181743616','115106321'
'455660992660516864','211497793'
'455663122112446464','56114479'
'455663199611011072','222307054'
'455663642944741377','2356869668'
'455664043919826944','2347968997'
'455664918876790786','1496320074'
'455666073480609792','2188051795'
'455666079948238848','2188051795'
'455666147925688320','55810934'
'455666956860137472','1452689714'
'455667743585734656','14712579'
'455668938269917185','500863781'
'455668938408349696','500863781'
'455670287535988736','484218242'
'455673586171527168','2420874781'
'455674329544790017','16341262'
'455674395571154944','82748777'
'455674504602451968','2261173544'
'455675027669536768','785671278'
'455677136649469952','1090017482'
'455677871168569345','2188051795'
'455678513937674240','106894999'
'455678830733455360','2220333360'
'455679088012050432','82878656'
'455681777403559936','2188051795'
'455681795866910721','2188051795'
'455682044690194432','7758052'
'455682525688758272','205067727'
'455682532684488705','2377507173'
'455683368420528128','166091575'
'455684644831129600','39124192'
'455684898452295682','1127931336'
'455687447402512384','1647611773'
'455688963911479296','21508617'
'455689761764564992','2188051795'
'455690726144098307','14332640'
'455690777986080768','56675409'
'455692094624235520','18590598'
'455692319967023105','42323777'
'455694657218154496','306956921'
'455695734172418048','2361235136'
'455696779175297024','12953802'
'455698133104611328','271497048'
'455700245574586368','57335398'
'455701804341157888','1522022274'
'455702167249514498','220316822'
'455702965706182657','109339928'
'455704186445783040','2190573559'
'455705088867454976','635675110'
'455705129803468800','919927818'
'455705171960823808','599970464'
'455706066035019776','2188051795'
'455706398588809216','412820905'
'455707460997623808','121750974'
'455707474130391040','170596316'
'455709094868185089','90237836'
'455711318381584385','112466047'
'455711773308370944','2295260090'
'455712105950220288','1946410082'
'455712110400380928','1946410082'
'455712161860308992','1946410082'
'455712291929853952','1946410082'
'455712455281217536','494029723'
'455712794629775360','2291799570'
'455715985694412802','1452785617'
'455716683202572288','63347430'
'455719763432337408','390033397'
'455721622066839552','203529225'
'455721811003461632','1282089841'
'455721989865738240','928859292'
'455722099777470464','928859292'
'455722114793107456','928859292'
'455722226117910529','1172510551'
'455722231717711872','1526391943'
'455722473598627841','41295021'
'455722895667650560','1912604490'
'455723076777689089','453220185'
'455723473629761537','930422174'
'455723477790498816','2270482320'
'455724488391286784','22224434'
'455724870194982914','549244205'
'455725171983540226','237324246'
'455725405392338944','241514534'
'455725940627484672','379930285'
'455726024852901888','2188051795'
'455726128179970049','312584835'
'455726404995256320','265168756'
'455726500650557440','2188051795'
'455726879736336384','599313996'
'455727433300582400','2287584340'
'455728964141858816','1647611773'
'455729774199975936','552170118'
'455730359645122560','91361504'
'455730949322338304','710003418'
'455732492809809920','472017259'
'455732612640681984','43276928'
'455733521483857920','126539980'
'455733578781835265','2270482320'
'455734465856163842','919927818'
'455735546900271105','620965977'
'455736776146305025','103275799'
'455736800624263168','129390704'
'455738522784514048','237324246'
'455739154991550464','429409000'
'455739918674051072','1486422842'
'455744835220017155','221702605'
'455744836742565888','24907913'
'455745819044741121','342955144'
'455745858357587968','18594789'
'455745922324905984','536561965'
'455746085969870848','362523555'
'455746802302472192','134971995'
'455746831717527552','547700318'
'455747371054268417','1152729097'
'455747591062315008','294169449'
'455747855337418752','265382911'
'455747881522065409','182752250'
'455748165698715648','1969642111'
'455748694281687040','30021534'
'455749250886823936','2270482320'
'455749252086759426','2270482320'
'455749501832028160','80612581'
'455749559306977280','49845202'
'455750409517137920','53563522'
'455750722991034369','390033397'
'455751366661521408','282688261'
'455751367265488897','282688261'
'455751376807534594','2421164293'
'455751377403121664','2421164293'
'455753656365625345','166495820'
'455757013113655296','2216741774'
'455759828741541888','19867761'
'455759880046268416','2415440714'
'455759960148701184','266234912'
'455761214459904001','438339367'
'455761501773893634','72552866'
'455761699757228033','552310370'
'455761712294408192','543617465'
'455761900278923265','543617465'
'455761936873840641','90073594'
'455762081380192258','2202188615'
'455762794898784256','628426381'
'455763325553364992','291238973'
'455763642244276224','18274279'
'455764349546930176','2416060938'
'455765477222928384','209383326'
'455765561863987201','400285959'
'455765705116618752','1201866073'
'455767237128110080','2347122849'
'455767406317932545','964046294'
'455767677110202369','853408436'
'455767774053138432','2188051795'
'455767920510263296','299816943'
'455768261984911361','2198885990'
'455769889655910400','2188051795'
'455770577534345216','409579660'
'455771429997649920','1126346294'
'455772300047286273','176610516'
'455774776343031808','300146770'
'455776464198443008','240758618'
'455777168942190592','240758618'
'455777312026681344','240758618'
'455777612250767361','240758618'
'455777706190204928','1621016089'
'455777799258001408','240758618'
'455777937342865408','240758618'
'455778626727051264','5885212'
'455778731143872512','323553717'
'455778733660844032','240758618'
'455778844067520514','78471748'
'455779253666447360','240758618'
'455779457522221056','118000082'
'455779820656680960','240758618'
'455780466315243520','240758618'
'455781551817887745','240758618'
'455781971440832512','2188051795'
'455781976549511168','2188051795'
'455786822288023552','228700625'
'455787223229558784','443072415'
'455789500439203840','118740069'
'455789887048798208','1610389952'
'455790198647828480','119973606'
'455790738144391168','384511492'
'455791118802644992','2258732653'
'455792302326165505','220361167'
'455793186913669120','1586884974'
'455794095764799488','2170956535'
'455795906034405376','2188051795'
'455795917535211520','2188051795'
'455795921087787008','2188051795'
'455796284033478656','2188051795'
'455797706317783040','2188051795'
'455797872391639040','499433262'
'455798619342651392','137090091'
'455799180573687809','2188051795'
'455801744707297280','1667919752'
'455802007916654592','425346315'
'455802361923899392','319804149'
'455805786304684032','33860798'
'455807403972644865','606475825'
'455812168995590144','893259822'
'455812333739462657','2462586417'
'455813682690129920','2188051795'
'455813693423353856','2188051795'
'455813907374817280','264449046'
'455814545391353856','2188051795'
'455815811437850624','2188051795'
'455816049305587712','396107226'
'455816270982971392','89977653'
'455817329322909696','2188051795'
'455820624191959041','395905950'
'455820703971815424','1723281337'
'455821406451011584','115148628'
'455821421026230272','295683586'
'455821984514187264','117787989'
'455822663144198145','35726000'
'455822831839088640','156080447'
'455822903515557888','560013367'
'455823029126590464','191289397'
'455823823481622528','214180592'
'455824145696432129','2192315606'
'455824180232323072','2192315606'
'455824186636636161','2444482110'
'455824512622546944','247240060'
'455825290409680897','1676648952'
'455825862936764416','547474155'
'455826633102864384','2188051795'
'455826638962298880','2188051795'
'455827121626038272','2188051795'
'455827557158363136','355901777'
'455827714487119873','14939159'
'455828949411848192','132048528'
'455829231914598401','222956538'
'455829409291726848','2444144432'
'455829597104267264','2444144432'
'455830070473793536','1899314857'
'455832726453501952','1621081422'
'455834832270925825','619534602'
'455835825670856704','274025365'
'455837696741478400','535114625'
'455838854314881024','56114479'
'455839201552900096','83972205'
'455839230456233985','711096782'
'455839259975368704','170596316'
'455839280762740737','159957809'
'455839305387483136','367489515'
'455839313201078273','150059076'
'455839323862994944','121610119'
'455839338350530560','40770943'
'455839357283627008','150766631'
'455839357560442880','198024321'
'455839357685866496','55538852'
'455839396558667776','817816459'
'455839412912676864','94266991'
'455839430872276993','1414684496'
'455839454251343872','472009754'
'455839471867424768','1687541964'
'455839512959397888','329968957'
'455839518277779456','214180592'
'455839543904583680','26581462'
'455839565094600704','136489302'
'455839569284308992','536561965'
'455839594354053121','351095404'
'455839623487688704','52573931'
'455839623692816384','59677053'
'455839684468289536','606377891'
'455839696011419648','347779367'
'455839944615792641','1282810982'
'455839984344252417','306050937'
'455839996163792897','2270482320'
'455840063482376192','2337749401'
'455840189366038528','433579541'
'455840212393152512','2213105837'
'455840242323296256','45457948'
'455840261915308032','198982762'
'455840299747532800','53740788'
'455840365317091328','2237314197'
'455840408023883776','137737905'
'455840443473747968','294169449'
'455840464638185472','362523555'
'455840486381867010','182235757'
'455840658394468352','2234132294'
'455840873834901504','37288770'
'455840984362795008','182752250'
'455841090176696322','58679790'
'455841107947962368','30021534'
'455841172435369985','38458497'
'455841356280123392','126460401'
'455841744882769920','801971047'
'455842015146557440','18274279'
'455842025410023424','282688261'
'455842043491676160','2421164293'
'455842118573887488','930422174'
'455842179789758464','26126464'
'455842218117718016','106496365'
'455842351098122240','80901578'
'455842423458250752','429257902'
'455842426616545280','316542703'
'455842529658011648','2418106597'
'455842657907257344','1599258985'
'455842668136775680','178241097'
'455842988694831104','522597443'
'455843190344400896','122157972'
'455843198942711808','30018721'
'455843200343633922','18594789'
'455843309865697281','2420375107'
'455843696659804160','381011787'
'455843723813728256','330118297'
'455843735134556160','1373368518'
'455844093411610625','1609226515'
'455844228573065216','2188051795'
'455844242145812480','255191271'
'455844265956892672','1564491510'
'455844705704488960','31760327'
'455845249512767489','507520552'
'455845331364638720','183296802'
'455845677017219072','296340515'
'455845759359791105','296340515'
'455845820311404544','83279997'
'455845994421563392','250950090'
'455846204845195264','296340515'
'455846283219988480','296340515'
'455846415592214528','296340515'
'455846544067940352','296340515'
'455846719230459904','296340515'
'455846802042789888','296340515'
'455846919693012993','296340515'
'455847178741620736','296340515'
'455847904528179200','390033397'
'455848176067817472','306287076'
'455848307646943234','2188051795'
'455848318870896640','2188051795'
'455848405668212737','1244649752'
'455848754579386368','121750974'
'455849095697936384','115148632'
'455849627258863616','460021303'
'455850564065046528','195294403'
'455851108519669761','188448378'
'455851463571283969','14471487'
'455851599189905408','369629288'
'455852067769176064','2188051795'
'455852674299092992','350082757'
'455853677115637761','2451035769'
'455854002173788161','2272982084'
'455854111410626561','1263094663'
'455854162429739008','108511899'
'455854313303064577','86905465'
'455855735436746752','869397540'
'455856495843086336','135025706'
'455857235281715200','1602521904'
'455857435274534912','2188051795'
'455858116622426112','66974849'
'455858121274306560','5853962'
'455858909484687361','386732629'
'455860094925045760','1656459614'
'455860418637230080','1022419093'
'455861059471945729','14858569'
'455862034526384128','370398184'
'455862550836412417','296340515'
'455863090681085952','29648698'
'455863141633511425','394056799'
'455863207450910720','237324246'
'455863418818670592','523511793'
'455863605792350209','523511793'
'455864069141307393','237324246'
'455864753601015808','168159276'
'455864754288877569','168159276'
'455865616193179648','324282635'
'455865616964923392','324282635'
'455866240603783168','1135013406'
'455866361739096065','312915847'
'455867055091101697','2246394505'
'455867541831692288','156852178'
'455868044653625345','237324246'
'455868384932933632','15097178'
'455869318631145473','46161469'
'455871108353245184','779279760'
'455872887447379968','595340672'
'455873478411829248','2188051795'
'455873670582665217','2233699434'
'455874768517230593','2233699434'
'455874955486711808','128917051'
'455875126920511488','128917051'
'455876689646456832','320699162'
'455876690309165056','320699162'
'455877378594856960','2406852024'
'455878223604510720','73738547'
'455878786626908160','379769627'
'455880719538352129','454981715'
'455880935725367297','379769627'
'455886334537007104','1018095890'
'455886770006024193','1895192564'
'455890547165499392','2188051795'
'455890766502457345','919927818'
'455891489663762432','189925906'
'455893740188471296','316245889'
'455896920020365312','319804149'
'455897112442449920','148996543'
'455898617744609280','2270482320'
'455899681894465536','565064540'
'455901507352027137','1106900352'
'455903518512402432','338140986'
'455904082772131840','535114625'
'455904115101417472','575022980'
'455904498892820480','121750974'
'455904634557960192','706019755'
'455905758111354880','36842985'
'455909031455252481','170596316'
'455909127445704704','72124431'
'455909472355876864','1389357050'
'455912500265889792','495191255'
'455917249887338497','94593443'
'455917267663204352','598500481'
'455918928351752193','66582490'
'455920701174972416','76261653'
'455921811235282944','153606281'
'455922096858624000','122176696'
'455922675693547521','374787371'
'455923389744439296','535114625'
'455923718867681280','2287566883'
'455925123812302848','312584835'
'455925372656168960','312584835'
'455925430470856705','628316519'
'455925634733047811','312584835'
'455925657155809280','312584835'
'455925791818129408','820518048'
'455926424931532800','2270482320'
'455926428849426432','535114625'
'455927684577505280','389171328'
'455928000626712576','35382430'
'455928230621769728','200743464'
'455928630255054848','170596316'
'455928665046401026','121750974'
'455928683320967168','121750974'
'455928784886067200','922851103'
'455928888460578816','267176755'
'455930141558845440','494029723'
'455930702857396225','144290587'
'455931986347962368','1611780860'
'455932437374439424','170596316'
'455933062111440896','374172728'
'455933265673605120','540496207'
'455933598156488704','25880051'
'455933780780253184','100726816'
'455933951945633792','494029723'
'455933952906125312','312584835'
'455934127959998464','39177598'
'455934814051254272','22224434'
'455935341594042368','2188051795'
'455936287330291712','494029723'
'455936300596887553','425346315'
'455936561671331840','425346315'
'455936583213264896','425346315'
'455936634119553025','425346315'
'455936665953923072','463751813'
'455936808983855104','2372591232'
'455936971957747712','2372591232'
'455937313827454977','2389119544'
'455937398942081024','1405955394'
'455938170689822720','913325504'
'455938549226151936','1108245835'
'455938635217391616','2394147968'
'455938860308914176','22224434'
'455938865950654464','22224434'
'455939236068196352','1663333896'
'455939764286275584','390033397'
'455940094327672833','975247506'
'455941110339497984','501295758'
'455941379454021632','104248732'
'455941507304792064','312584835'
'455941574711472128','2270482320'
'455941575718092800','2270482320'
'455941587021742080','312584835'
'455942055810703361','110596487'
'455942093857230848','930422174'
'455942102078083072','2270482320'
'455942103848083456','2270482320'
'455942191102177280','1950778940'
'455942931753357312','2372591232'
'455943468573941760','265168756'
'455943469987426304','265168756'
'455946648447758336','22224434'
'455946683449618432','984272312'
'455948195655204866','278893199'
'455948574862221313','403745869'
'455951013283774465','1661603383'
'455955194678087680','975247506'
'455956301210603520','2270482320'
'455956323457175552','390033397'
'455956665909903360','1529032141'
'455960071277928448','566995478'
'455966290193022976','574893308'
'455968467577868289','2188051795'
'455970296126664705','975247506'
'455971145921990656','515055533'
'455971323538178048','2270482320'
'455971762535411712','32602586'
'455974243247734784','390033397'
'455977652185092096','2188051795'
'455978750295822336','532852027'
'455979943491403777','2188051795'
'455983136766459904','196967252'
'455983632352423937','148736769'
'455984981710352384','54374860'
'455986931466108928','2270482320'
'455986969252622336','2270482320'
'455989985515012096','154117351'
'455990666510999553','43334166'
'455991458978615296','2291869354'
'455992206814228480','2188051795'
'455993521221431296','33664448'
'455994311591489536','26963391'
'455994617498845184','281591966'
'455994855333052416','2263232317'
'455995529722216448','2188051795'
'455995956727529472','256410521'
'455996776051269633','2188051795'
'455996863917748224','427204805'
'455996991906918400','379118396'
'455999223201542144','971718415'
'455999223650320384','2423797621'
'456000493781667841','975247506'
'456000495853654016','919927818'
'456000585867603968','37702864'
'456000872921571328','2188051795'
'456003401071869952','1353765409'
'456003909702938624','327615094'
'456005216564150272','416482495'
'456005715589464064','82515308'
'456006740191248384','182112983'
'456006886853472257','18074404'
'456008640533897216','257939371'
'456009222183190528','79882811'
'456009378206740480','2188051795'
'456011255317159936','2443184064'
'456012159533592576','2188051795'
'456024354120146944','2188051795'
'456024371501346816','2188051795'
'456024374789689344','2188051795'
'456026225841303552','2290530359'
'456026345769025536','1638651217'
'456027093495984128','14705116'
'456027351021678592','2188051795'
'456027474669744128','2443780008'
'456030381121503232','121382365'
'456030381167616000','30061953'
'456032037280182272','55606313'
'456032344613212160','345362407'
'456032772864610305','2420375107'
'456034474086526976','390033397'
'456035594624200704','37173714'
'456037741533618176','2391663421'
'456038020437663746','2188051795'
'456038024225095680','2188051795'
'456038043128844290','2188051795'
'456038613986189312','2188051795'
'456038618222825472','245824937'
'456039921577246721','308226281'
'456041329110159360','2188051795'
'456042693148164096','238484401'
'456050420927172608','956591701'
'456050871747358720','319804149'
'456052155950985216','2270482320'
'456053273770729472','2188051795'
'456053563828215808','2400973298'
'456056424460582912','2445428413'
'456057867255046145','919927818'
'456059508465631234','796121664'
'456060272923639808','627541048'
'456060922470367232','606063812'
'456062077212569601','1129048818'
'456063951365611520','395522821'
'456064063022194690','1179710990'
'456065942670159872','2277432152'
'456066480023810048','37007914'
'456066715961401344','1670204594'
'456067015954812929','1133653927'
'456068292419932160','156778632'
'456069150222200832','2188051795'
'456069153321795585','2188051795'
'456069482272681985','221702605'
'456069563919384576','891678582'
'456069687324188673','2431254637'
'456069997170012160','433635600'
'456070222274129920','1475911676'
'456070615389437952','247571991'
'456071223148281856','90225816'
'456071253913509888','2345103456'
'456071255117275136','2425462945'
'456075829018361856','19553517'
'456077287343943682','145834970'
'456078476047839233','332047613'
'456078575595442176','107816182'
'456079044245585920','366842006'
'456080156763750400','1170592561'
'456081389742346242','390033397'
'456081600074096640','1448135618'
'456081641664827392','1448135618'
'456085983063048192','2441791466'
'456087680791498753','2270482320'
'456088475809636352','455182876'
'456089251512614914','1040894438'
'456090095343640577','8705402'
'456091429702762496','339995031'
'456093099262226434','586734168'
'456095773873438720','38354439'
'456097751840075776','64648362'
'456098190173818880','390033397'
'456098554327490560','2204430830'
'456098685735424002','48757284'
'456098695209967618','2188051795'
'456098731784290304','2188051795'
'456100032123764736','600322032'
'456101517029027840','264906703'
'456101979417096193','2270482320'
'456102651302645760','20604333'
'456102865350569984','2324828978'
'456102938164072448','381159056'
'456103689720446976','1669934971'
'456104448142499840','535114625'
'456106707525980160','22224434'
'456107234657714176','362523555'
'456107241012097025','83972205'
'456107268983889920','122264472'
'456107271257198594','930422174'
'456107291905777664','282688261'
'456107298264317952','2421164293'
'456107305403416579','240027646'
'456107325603201024','159957809'
'456107338982625280','2291799570'
'456107351691366401','127860989'
'456107362391453696','48870122'
'456107363112849408','137852999'
'456107378971140096','599894274'
'456107408725913600','621545151'
'456107413738106880','295510001'
'456107429265432576','573883890'
'456107436022038528','1414684496'
'456107439587209216','18594789'
'456107477545668608','150059076'
'456107486538256384','535114625'
'456107494926868480','1539931500'
'456107561021079552','206045556'
'456107611440439297','77023966'
'456107646501027840','43604440'
'456107684643995649','776504276'
'456107688695709696','1392339654'
'456107708497014784','801971047'
'456107723932049409','130672017'
'456107744689278976','182752250'
'456107768500723712','28918596'
'456107777514274816','15378861'
'456107786560999424','1219565474'
'456107787870035969','51903767'
'456107803539943424','33664448'
'456107883642355712','86122170'
'456107884380954624','76362953'
'456107998440456192','536561965'
'456108018828980224','2394147968'
'456108032808992768','142821822'
'456108117973938176','130384971'
'456108178376515584','52604904'
'456108181966442497','14471487'
'456108247733125120','396954359'
'456108262346465280','871755355'
'456108277542035457','272711404'
'456108378230898688','1621886047'
'456108446358962176','78764219'
'456108453493096448','217446672'
'456108469729247233','115012222'
'456108677439979520','50591178'
'456108723501424640','2273590436'
'456108868037132288','136309716'
'456109082882355200','2173451092'
'456109103228928000','15617268'
'456109151433674753','265040624'
'456109297832067073','78584860'
'456109428614635520','36808182'
'456109456963551233','325228139'
'456109512886616064','52249629'
'456109551297650688','120311977'
'456109562891104256','29537135'
'456109718885249025','522597443'
'456109800565530626','65751497'
'456109953779236864','88263156'
'456110032807923712','265168756'
'456110033487421440','265168756'
'456110036058533890','156495369'
'456110255043117057','864905454'
'456110358810210305','1491535328'
'456110375151235073','312584835'
'456110387872550912','312584835'
'456110397687214080','312584835'
'456110411033493504','555244502'
'456110418449035266','555244502'
'456110584967495680','2418106597'
'456110618638954496','390033397'
'456110764370063360','121750974'
'456110770393075713','121750974'
'456110771488186369','170596316'
'456110784062709760','170596316'
'456110819714297856','306287076'
'456110925662392320','68022793'
'456110999305605120','22224434'
'456111045417771009','122264472'
'456111165983428608','1400440008'
'456111206760067072','94119095'
'456111207368245248','44705716'
'456111218038558720','1414684496'
'456111239534739457','626345722'
'456111241161736192','297856618'
'456111269091610624','83972205'
'456111288616120320','133276046'
'456111294194917376','2431329701'
'456111319045771264','2429284874'
'456111323525677056','206045556'
'456111327929720832','36181168'
'456111335911079937','591810027'
'456111344933036032','182897263'
'456111350704787456','327079671'
'456111353732681728','41015541'
'456111362482397184','119189773'
'456111372162854912','605917284'
'456111377501786112','134611197'
'456111391452061696','2270482320'
'456111392316071936','2270482320'
'456111403523645440','117064243'
'456111404060131329','945071414'
'456111406753284096','159957809'
'456111420720287745','33664448'
'456111438013407232','128616181'
'456111438248280064','43414216'
'456111444455464960','2216636346'
'456111446934712321','1447470218'
'456111450344652800','1949122662'
'456111465359872000','204028541'
'456111471597223936','382311380'
'456111482313662464','240483111'
'456111482900844544','435465318'
'456111535367401472','382311380'
'456111571723616256','150059076'
'456111574587957248','69393475'
'456111582834343936','35382430'
'456111590928945153','328825611'
'456111599389249537','519108841'
'456111599959298048','142821822'
'456111610356981760','86149355'
'456111618707820545','334331687'
'456111618586595328','1584592260'
'456111624253091840','19893071'
'456111682197405696','2470807312'
'456111684038696960','801971047'
'456111722374643713','318073135'
'456111732209885184','122654259'
'456111749826359297','39862341'
'456111756352319488','85451031'
'456111758344994816','318073135'
'456111763637825536','30021534'
'456111788678193152','2173451092'
'456111809154801665','2173451092'
'456111855912501248','65218995'
'456111898128175104','104248732'
'456111898845405184','104248732'
'456111905694679041','100066619'
'456111931871748096','78764219'
'456111949370380288','219780022'
'456111983767478272','536561965'
'456111993154711552','1094535194'
'456112004827451392','2173451092'
'456112016730517504','433579541'
'456112037526265856','16403190'
'456112057977700352','76479526'
'456112068513382400','31608386'
'456112080572399617','433579541'
'456112081863835649','2234132294'
'456112101451251712','2234132294'
'456112182170640384','120784142'
'456112237225074688','19830342'
'456112245219418112','362523555'
'456112284881158144','294169449'
'456112290664689664','294169449'
'456112291021209600','15472206'
'456112390669889536','278170213'
'456112401620824064','312584835'
'456112403290533888','109988022'
'456112411284492288','265168756'
'456112414405451776','316542703'
'456112416179249152','312584835'
'456112428967669760','312584835'
'456112434583859200','386316674'
'456112444838932480','312584835'
'456112491349942272','267176755'
'456112506927185920','312584835'
'456112516104339456','49981251'
'456112520588034049','312584835'
'456112532235632640','312584835'
'456112536530984960','111478259'
'456112582059753472','1293242503'
'456112643628351488','111478259'
'456112657129426944','272451844'
'456112728109637632','214041868'
'456112751849385984','1246000844'
'456112811014643712','783284977'
'456112868044177408','182752250'
'456112872452390913','297856618'
'456112884984999936','156495369'
'456112901955137536','728746758'
'456112944003444736','32602586'
'456112958775775232','2366301624'
'456113074148085760','30791781'
'456113076153384960','944211254'
'456113111632601089','273561490'
'456113145619447808','184322727'
'456113264762433536','121610119'
'456113425845063680','14679861'
'456113436616032256','204798615'
'456113519570608129','12846'
'456113530819719168','2440679149'
'456113570250784769','212424186'
'456113641780416512','273477892'
'456113746960584705','522597443'
'456113830838292480','481524606'
'456113876069670912','1246000844'
'456114013999333376','276552065'
'456114060338405376','55479334'
'456114108484444160','375998272'
'456114209290727424','747934536'
'456114278773161984','26139540'
'456114317746634752','2218872146'
'456114318375792640','2218872146'
'456114359908184065','2418106597'
'456114408414904321','122792373'
'456114838016512000','390033397'
'456114838662422528','390033397'
'456114840809910272','390033397'
'456114944518651905','278170213'
'456115044799893504','389393223'
'456115249167364096','607182458'
'456115299503595520','80156483'
'456115578478931968','370879377'
'456115589447438336','57491599'
'456115633642799104','160478099'
'456115701623701504','1599258985'
'456115705268944896','1599258985'
'456115773925105664','389393223'
'456116009816969216','2291799570'
'456116053282922497','60161687'
'456116886611034112','2423303546'
'456117178987995136','51029993'
'456117204648755200','51029993'
'456117363189239809','2431329701'
'456117455912333313','48555922'
'456117510451240960','131642836'
'456117659143135233','369181340'
'456117660770516992','1491535328'
'456117682350223360','535114625'
'456117760490098689','243398461'
'456118003223252992','1244649752'
'456118510586847232','374832639'
'456118594385248256','170596316'
'456118596611997696','121750974'
'456118739943976960','319804149'
'456118838833459200','52259283'
'456118978549542912','1539931500'
'456119027375816704','1244649752'
'456119040382341120','263484216'
'456119407324844032','30021534'
'456119488040009728','930422174'
'456119492519534592','2270482320'
'456119494381797378','2270482320'
'456119512900059136','2359783068'
'456119611814313984','869829919'
'456119665157496832','425346315'
'456119688200613889','106839412'
'456119700788084736','425346315'
'456119737106579456','425346315'
'456120061720137728','78382995'
'456120122588291072','36021489'
'456120286471933952','21944777'
'456120419292938240','195294403'
'456120439698255872','195294403'
'456120588499947520','235445629'
'456121169578446848','294348836'
'456121728221986816','535114625'
'456121741274660865','898207934'
'456121799533535232','898207934'
'456122344755314688','557266004'
'456122402662281216','2213105837'
'456122707399024640','22224434'
'456122711962427392','22224434'
'456123084777717760','339848292'
'456123163261558785','53543454'
'456123353229557760','108912964'
'456123379322339328','2394147968'
'456123639092363264','345621044'
'456123984384233472','293807710'
'456124542566400000','30018721'
'456124590649929728','70555872'
'456124803674820608','1350280334'
'456124894044901378','100072081'
'456126192358158337','119973606'
'456126202445430784','121750974'
'456126207633809408','121750974'
'456126211991678976','170596316'
'456126224792702976','170596316'
'456126768273838080','34379948'
'456126773097279488','34379948'
'456126856907878400','22224434'
'456127011195338752','265168756'
'456127011925155840','265168756'
'456127157706973184','526782227'
'456127267043684352','390033397'
'456127269488955392','390033397'
'456127436036403201','290194861'
'456127445243297792','1314297517'
'456127479078723585','526782227'
'456127685949812736','2270482320'
'456127686683799553','2270482320'
'456127761447653377','329968957'
'456128241548689408','48757284'
'456128247579672576','173441945'
'456128280601853952','48757284'
'456129315910868992','1535595541'
'456130669328867328','15026824'
'456130935377780736','1022536896'
'456131367940534272','390033397'
'456131368674525184','390033397'
'456131698867322880','451776898'
'456132309297942528','242149597'
'456133757633052672','1694002345'
'456133850578812928','2350838391'
'456134173292384256','904462465'
'456134372601917440','1694002345'
'456134988056887296','78382995'
'456135035905908736','1556805974'
'456135734756651008','411259340'
'456135740456710144','487176004'
'456136008833040384','930422174'
'456136015913033728','2270482320'
'456136016592510976','2270482320'
'456136150764113920','362523555'
'456137153777389569','536561965'
'456137722798039040','2436947964'
'456138002818146304','71069505'
'456138025811333121','71069505'
'456139204511014912','2282930023'
'456139421759184896','2282930023'
'456140472998580225','14471487'
'456140507085672448','182752250'
'456140520599736320','282688261'
'456140532289257472','2421164293'
'456140931972874240','535114625'
'456140965279825920','30241345'
'456141713099075584','170596316'
'456141916195651584','425346315'
'456141933770207232','425346315'
'456142179476307968','121750974'
'456142759481458688','30021534'
'456142834312032256','24216744'
'456143069457285120','106836353'
'456143460689403904','294169449'
'456143665375617025','390033397'
'456143665992192000','390033397'
'456143666646487040','390033397'
'456143976324542464','2188051795'
'456144238997016576','2270482320'
'456144240666345473','2270482320'
'456144641721520128','2432811'
'456144665310265344','2425838569'
'456145112586674177','862430768'
'456145416233287680','2431329701'
'456145429164347392','104248732'
'456145722228752384','25990797'
'456145942031245313','1414684496'
'456146070297255936','1152729097'
'456146723576872962','536561965'
'456147842969522176','390033397'
'456148009495957504','535114625'
'456148900777193472','448194523'
'456149043794563072','2188051795'
'456149168969379840','1307929614'
'456149483307278338','522597443'
'456149503267987456','170596316'
'456150081352130560','810684450'
'456150195827253248','2418106597'
'456150495422210048','22224434'
'456150523486294016','182752250'
'456150976424980480','1074719148'
'456151115873021952','294169449'
'456151205706604547','2270482320'
'456151833166094337','33860798'
'456152860976099328','250533742'
'456153052160868352','613859008'
'456154639142907904','1352827892'
'456155299741585409','14471487'
'456155300089700353','282688261'
'456155310332194816','2421164293'
'456156355313684484','312885777'
'456156952460918784','193412175'
'456157374810570753','451594259'
'456157408738279426','451594259'
'456157493823938560','123031678'
'456157823970181120','50591178'
'456159722622562304','1353765409'
'456159755958906880','919927818'
'456159766226554880','2270482320'
'456160192271364096','390033397'
'456160194804711424','390033397'
'456160591795605504','1152729097'
'456162368330801152','1607585275'
'456162566960451585','1370347380'
'456163513233195008','112183903'
'456164544469950464','981197544'
'456165660062519296','182752250'
'456165846604206080','536561965'
'456166363438907392','362523555'
'456166467709308928','294169449'
'456169633238634496','30018721'
'456170041675743232','2281102040'
'456170207011438594','904191810'
'456170223666606080','18274279'
'456170233430958080','282688261'
'456170234815070208','282688261'
'456170244319350786','2421164293'
'456170245057564674','2421164293'
'456170364322582528','2181188602'
'456170378042171393','2181188602'
'456170781689798656','128917051'
'456170792926339073','128917051'
'456171622131437568','265168756'
'456173272728481792','182752250'
'456173464408162304','528011936'
'456173664078032896','30021534'
'456173670231048192','30021534'
'456173899793719296','362523555'
'456174293219418112','124995416'
'456174305319997441','124995416'
'456174436442312704','294169449'
'456175123070869504','390033397'
'456175484389191680','2270482320'
'456178186804416514','121750974'
'456178284540071936','2348533196'
'456179958923415552','721082125'
'456180214490750976','2420375107'
'456180365930274817','2401531533'
'456180695933546497','2188051795'
'456181740340797440','23094911'
'456182282848456704','168159276'
'456184382026297344','22412451'
'456184910365990912','115148632'
'456184933740863488','115148632'
'456185382330449920','171666417'
'456186555812417536','930422174'
'456186579669618688','282688261'
'456186587198390274','2421164293'
'456187208068628480','2282930023'
'456187460641226752','1723281337'
'456190861705887744','2270482320'
'456190862901272576','2270482320'
'456191583411392513','18594789'
'456194156533415936','197475680'
'456195320121425921','210766152'
'456195345580826625','210766152'
'456197161684709376','324282635'
'456197417734385664','44923531'
'456197814297456640','2188051795'
'456200386966069249','56114479'
'456200413381816320','56114479'
'456200440489586688','56114479'
'456200466829824001','56114479'
'456201593030205440','103258348'
'456202478833639424','523038547'
'456202942140674048','103258348'
'456204608415600641','2188051795'
'456205254543953920','195294403'
'456205333673701377','195294403'
'456205526380974081','2270482320'
'456206231871311872','2188051795'
'456207233622106113','390033397'
'456207666612670464','2188051795'
'456207825429991424','1853330328'
'456208551707283456','38946777'
'456209766575267840','306501368'
'456210568429322241','572132517'
'456210721605300225','839032394'
'456211574558978048','1677540486'
'456211671829057536','354084536'
'456211672344961026','2188051795'
'456213032008310784','2188051795'
'456216779564392448','302147896'
'456219329579995136','631853456'
'456219376216457216','631853456'
'456219420814503936','631853456'
'456219823924473856','2188051795'
'456219827128918016','2188051795'
'456220058432180225','2270482320'
'456220059711438848','2270482320'
'456220657143914496','1083748992'
'456220686244380672','789523681'
'456223763525144577','978673334'
'456224255122751488','390033397'
'456224255936442368','390033397'
'456226648241606658','588792298'
'456227304759230465','269840555'
'456228302844203008','2407897105'
'456228369147772928','930422174'
'456230376193949696','35726000'
'456231165536370688','231168224'
'456234129692975104','18594789'
'456234379681878016','2309115288'
'456235460491091969','18594789'
'456235596340412417','271124509'
'456235838465384448','2304164470'
'456238739061104642','52979812'
'456242196841521152','351944602'
'456243928979619842','59326498'
'456248526943813632','437827912'
'456250156631863298','1000459393'
'456253514084130816','312584835'
'456253542034984960','312584835'
'456253597525610496','312584835'
'456253615691145217','312584835'
'456253665745973248','312584835'
'456253696716722176','312584835'
'456253709018595328','312584835'
'456254010337419264','312584835'
'456254119615807488','312584835'
'456254147646337024','312584835'
'456254243964321792','312584835'
'456254318526468096','264449046'
'456256156252389377','2381122364'
'456256736295284736','74458828'
'456256937433116672','74458828'
'456261693929029632','618123877'
'456264524102762496','2231859193'
'456265611040272384','341692582'
'456267830468837376','334429486'
'456267918691430400','275867146'
'456267939151233025','217817469'
'456268156785266688','46008387'
'456269135224131584','160857218'
'456271462886682624','2270482320'
'456271554012143617','535114625'
'456272733798555648','96856790'
'456272749875326976','2432916829'
'456272843202760705','96856790'
'456273042461569024','121750974'
'456273058051796993','170596316'
'456273251682226176','75182016'
'456273262452826112','75182016'
'456273410952138752','125740621'
'456273504091242496','1932477288'
'456273603860762624','104248732'
'456273645191438337','2326496299'
'456273828566425600','22224434'
'456274121546952704','337276554'
'456274396106067968','451594259'
'456274447524065280','2432916829'
'456274681083858945','535114625'
'456275211474583552','451594259'
'456275563955494913','1948473271'
'456275884618432512','83972205'
'456275923302498304','204465613'
'456275928541175808','19440175'
'456275929934094336','608769771'
'456275937928032256','53740788'
'456275945402269696','104003809'
'456275964709044224','32602586'
'456275970425499648','275978280'
'456275978033967104','118487464'
'456275997889818624','574917658'
'456275998682513408','62116641'
'456276006244859905','128616181'
'456276047965609984','1414684496'
'456276089862500352','253408988'
'456276097022164992','1043355722'
'456276104223789056','466002950'
'456276115049295872','1613377453'
'456276120359301120','97260806'
'456276123249152000','184179881'
'456276125552234496','56120629'
'456276128614068224','1373368518'
'456276135186153472','1223176098'
'456276137706926082','122264472'
'456276147278344192','118907523'
'456276150356959232','133152120'
'456276171190046720','70705737'
'456276222410895361','275978280'
'456276268942888960','174354955'
'456276283052154880','389116776'
'456276288576045056','145772435'
'456276299770630144','48434070'
'456276387439976448','124639299'
'456276399326633984','1549364107'
'456276398991110144','72254560'
'456276414061219841','182752250'
'456276416443609088','327750981'
'456276422844104704','67427634'
'456276429437534208','113753461'
'456276443773665283','93907442'
'456276442565726208','369791015'
'456276460584837120','373016823'
'456276466825572355','562855818'
'456276466703941632','193412175'
'456276497171759104','420351613'
'456276505371242496','1299372883'
'456276530797084672','40857923'
'456276537138900993','931306003'
'456276549105233920','543567716'
'456276551244726272','148516959'
'456276589697699840','135246075'
'456276599453671424','370347151'
'456276601206870017','316429275'
'456276615249403904','101958846'
'456276635956690944','1473163057'
'456276709302493184','185536956'
'456276786192859136','766403370'
'456276834980618241','273561490'
'456276846275870721','472009754'
'456276913053376512','157916956'
'456276926210916353','921939708'
'456276995299487744','148516959'
'456277096575152128','38458897'
'456277119253745666','121750974'
'456277261499375616','265168756'
'456277262350839808','265168756'
'456277281816604672','394465889'
'456277437014634496','1373368518'
'456277441120456704','121610119'
'456277446065537024','1290852108'
'456277482074013696','313106631'
'456277490969759744','175900263'
'456277500562141185','267176755'
'456277609618227200','81956138'
'456277654346293248','106519412'
'456277693898563586','71836014'
'456277695685730304','513835806'
'456277754967650304','138887488'
'456277760332148736','147038840'
'456277760407638016','50591178'
'456277762945208320','2440679149'
'456277844390187010','22224434'
'456277890032619520','949073490'
'456277899960524800','2437584383'
'456277938892050432','195294403'
'456277955975446529','75922043'
'456278020794220544','40818810'
'456278027538681857','233302728'
'456278059545403393','1414684496'
'456278095574482944','83972205'
'456278138558103552','575329679'
'456278145231249408','412658430'
'456278152264704000','272711404'
'456278153514598402','53740788'
'456278185089327104','56120629'
'456278189820485632','79889696'
'456278192278360064','574917658'
'456278209093324800','67427634'
'456278269089042432','468369680'
'456278279972868097','113753461'
'456278299296010241','370347151'
'456278311933849600','16010314'
'456278341633327104','362523555'
'456278348084162560','494467773'
'456278350177112064','890996268'
'456278356917383169','788025080'
'456278410096963584','30018721'
'456278412064083971','18594789'
'456278421287350272','1549364107'
'456278439595868160','165614404'
'456278444360613888','21198093'
'456278493622308864','151114848'
'456278524563697664','1120222326'
'456278530272137216','168296616'
'456278548827742208','451594259'
'456278575692251136','369219296'
'456278675839660033','2239835050'
'456278732517294081','41748891'
'456278739496628224','119094439'
'456278759042068480','119189773'
'456278776339374082','1925233609'
'456278781489987584','118254056'
'456278783213850624','157916956'
'456278934628212736','137199101'
'456279011954790400','2437584383'
'456279061371711488','2363174244'
'456279090530500608','40683043'
'456279152673292288','117947233'
'456279164820004866','117082520'
'456279268977160193','156773317'
'456279278745710592','262819301'
'456279313843617792','1491535328'
'456279368931631104','536561965'
'456279447746793472','96667231'
'456279498133360640','801971047'
'456279501048397824','801971047'
'456279512410771456','1599258985'
'456279515593842688','1599258985'
'456279679024910337','2282930023'
'456279692379582464','120311977'
'456279708058275840','34350497'
'456279737615151105','23355242'
'456279749761835009','2282930023'
'456279790329155585','25880051'
'456279812773257216','1223176098'
'456279885405630464','390033397'
'456279886055743488','390033397'
'456279903776673792','27278799'
'456279932281176064','195406464'
'456279964220788736','389116776'
'456279974228406272','472009754'
'456280167048945664','77751376'
'456280342211461120','2418106597'
'456280350717526016','2418106597'
'456280641705754624','554506828'
'456280870500855808','170596316'
'456280901442617344','88762686'
'456281034640732160','38458497'
'456281080052453376','49918517'
'456281143500079104','88762686'
'456281241222803457','258033693'
'456281338539020288','112782494'
'456281415957483520','182752250'
'456281418629255169','38458497'
'456281475747311616','63419553'
'456281639157374976','30021534'
'456281645817946114','30021534'
'456281950274084864','620874973'
'456282058042511360','214180592'
'456282133976211456','349378720'
'456282144310956032','115392787'
'456282169468403712','33721688'
'456282221222305792','629936236'
'456282261076205570','33721688'
'456282476940247040','294169449'
'456282483776954368','294169449'
'456282824845590528','140798735'
'456282899348611074','126048048'
'456283314152669185','14471487'
'456283623801376768','2270482320'
'456283624585711617','2270482320'
'456283751819931648','306287076'
'456284031726796800','15190192'
'456284722629328897','78787098'
'456284945124954113','41535703'
'456285071449014272','2360762532'
'456285582168449024','255991747'
'456285759989760000','48555922'
'456285843393880064','279781800'
'456286231702151168','2291799570'
'456286353022410752','2291799570'
'456286357610954752','631853456'
'456286415123644416','631853456'
'456286509407019008','341305091'
'456286572975894528','631853456'
'456286641733132288','631853456'
'456287194349453312','2218872146'
'456287390458712064','2401531533'
'456287574793801728','27172412'
'456288144212496384','494029723'
'456288211124248576','390033397'
'456288212596453376','390033397'
'456288214290952192','390033397'
'456288273904574464','282688261'
'456288274621820928','282688261'
'456288284109312000','2421164293'
'456288284834930688','2421164293'
'456288327834951680','555244502'
'456288363998228480','494029723'
'456288431333597184','555244502'
'456288453039095809','555244502'
'456288478968311809','555244502'
'456290138096537600','188013844'
'456290213933756418','188013844'
'456290400487997440','919927818'
'456290564967657473','2465291999'
'456291149938823168','149286192'
'456291506106552320','120619165'
'456292988889468929','977601829'
'456293258176368640','156495369'
'456293696707624961','494029723'
'456294541012647936','2420375107'
'456294795627872256','1353765409'
'456294832898441217','2270482320'
'456294833640853504','2270482320'
'456295980648767491','1576417848'
'456298379941650432','758122933'
'456298736595922944','264449046'
'456299424852230144','425346315'
'456299501754798080','425346315'
'456299692532715520','425346315'
'456299712115929088','425346315'
'456300842895699968','2456497071'
'456300911451578368','371324597'
'456300920981045248','371324597'
'456301220731170816','614958834'
'456301554786500609','855457255'
'456301912023773184','1865059640'
'456303286325235712','390033397'
'456303287004696576','390033397'
'456303540814635008','794209590'
'456306647066243072','1481240533'
'456309242517938176','2394147968'
'456309277750095872','2394147968'
'456309822204301312','2188051795'
'456314819201613825','1135959313'
'456317964795392001','22224434'
'456318303883907073','390033397'
'456325116549279744','1964026957'
'456327078002978817','2188051795'
'456327081664581632','2188051795'
'456335227267215360','919927818'
'456337662245609472','189996389'
'456338069184974849','120401518'
'456340242430046209','307773106'
'456342069691183104','1164064982'
'456346256118251520','79882811'
'456346973126135808','2276834334'
'456353985113235456','16923319'
'456355812186017792','33664448'
'456355837049843712','33664448'
'456358366340608000','1570879765'
'456359597956005890','272138575'
'456369685957582848','2188051795'
'456370668020314113','2235828998'
'456373938822475776','312584835'
'456373945977929728','312584835'
'456373958359519232','312584835'
'456373966832025601','312584835'
'456373989120557056','312584835'
'456374019483127808','312584835'
'456374026768613378','312584835'
'456374049552076800','312584835'
'456378563411722240','2270482320'
'456381404729712641','151538571'
'456386362006974465','704190391'
'456386446312894464','340006435'
'456389152633012224','425752350'
'456391019454402561','2188051795'
'456391710260461569','2188051795'
'456391825209556992','2270482320'
'456392031321866241','126562307'
'456393854392889344','1152729097'
'456397955444899840','390033397'
'456399425393266689','23903434'
'456399726477189120','111516543'
'456401135650103296','2185731626'
'456402200692932608','1589177144'
'456407297200103425','56898983'
'456407627002413057','56898983'
'456409472793989122','47064286'
'456410386687090688','2153759444'
'456410712701538304','1267544540'
'456412790572326912','98109472'
'456413703123255296','306280731'
'456417721794584577','108525771'
'456425227732283392','65466814'
'456426161728258049','390033397'
'456426162764271617','390033397'
'456427474197299201','73921046'
'456427734076751872','1050936091'
'456428711634423808','372440953'
'456429199314534401','61882553'
'456431399243751424','2188051795'
'456431408664150016','2188051795'
'456431419338678272','2188051795'
'456431920964845570','2188051795'
'456434506392539137','76745282'
'456434959540961281','2188051795'
'456435163967148032','1850124302'
'456436609374625792','605917284'
'456442839828684800','825227594'
'456443862521618432','167469293'
'456444449287983105','919927818'
'456444541021589506','109954546'
'456447089761718272','24306278'
'456449890609299456','759426990'
'456451092146958336','930422174'
'456452013727834113','2188051795'
'456454481547259904','188225407'
'456454553580236800','2274394490'
'456454696790532096','2439938872'
'456458597367431169','65466814'
'456459824083898368','390033397'
'456459824734019584','390033397'
'456459909685448704','2188051795'
'456463257176272896','2420375107'
'456463302596386816','18594789'
'456467901881397248','2438797878'
'456468732697509888','360250471'
'456473801606176768','287997292'
'456474334119624704','319879107'
'456474981828804610','95165381'
'456478289671237632','2309001384'
'456478409384665088','1180395241'
'456484401044393984','986846900'
'456490067016429568','100214685'
'456496465938903040','25959677'
'456497165271957504','147388980'
'456497209219883008','1583709217'
'456497401335775235','739683704'
'456497909182128129','198468017'
'456499829661630465','66226390'
'456500964313161728','213245962'
'456502789414199297','494029723'
'456503620272283648','1921028611'
'456509852076888065','919927818'
'456509978828738560','385923329'
'456510893799403520','2188051795'
'456511127875096576','2188051795'
'456511147663839232','22316808'
'456512534749925376','128917051'
'456512547932614656','128917051'
'456513175748239360','719855202'
'456513975039979520','97773326'
'456519424535580672','203226820'
'456520023478001664','2278175082'
'456520717530431489','17668901'
'456522486834663425','2188051795'
'456522509215465472','2188051795'
'456522970681200641','2188051795'
'456524877814448128','36624294'
'456525037617414144','324282635'
'456525720177483776','2188051795'
'456526968477851649','2332595132'
'456527197239394305','296237168'
'456527671795523586','58221847'
'456528600351531009','368721638'
'456528681024778241','381159056'
'456529917442670592','582147813'
'456532062720110592','525940079'
'456532524278112256','48757284'
'456532592750108672','48757284'
'456534185407037441','124995416'
'456535118501277696','320699162'
'456535753699237889','270407555'
'456538833610227712','2188051795'
'456538847917006848','2188051795'
'456540647999021057','2270482320'
'456541062786342912','1853633551'
'456541064526958592','1853633551'
'456542320104460288','69533246'
'456543193878650881','95522135'
'456544074523082752','975247506'
'456545509960736768','62013673'
'456547307937202177','32895244'
'456551807645257729','168159276'
'456553804112986113','2147881159'
'456555172181716992','2188051795'
'456555934211260418','1513783117'
'456558800745402368','129788087'
'456562485114310657','969530036'
'456563675671691264','26108952'
'456564240313094145','176610516'
'456565164137906177','60245507'
'456565182215372801','60245507'
'456566076797485056','2188051795'
'456566080010321920','2188051795'
'456566083407712256','2188051795'
'456566089661431810','2188051795'
'456567915483897856','746455627'
'456568307852644352','166834929'
'456569383599341569','2198885990'
'456569700747452416','840909558'
'456570755765903360','2188051795'
'456573715048718336','2270482320'
'456574273851629569','975247506'
'456576380923158528','113823799'
'456576722234654720','585449610'
'456582971504340992','2188051795'
'456582976692686848','2188051795'
'456582986738049024','2188051795'
'456583641666056192','390033397'
'456587744362258432','575310142'
'456588214149451776','1242952034'
'456589331075829760','2270482320'
'456590458102091778','2188051795'
'456590637689626631','237324246'
'456591169057591296','609623092'
'456595474523250690','1527976434'
'456597730043772928','478116665'
'456600238749282304','2188051795'
'456604565534547968','2188051795'
'456605282307538944','2270482320'
'456605619961610240','319804149'
'456608961538453505','150766631'
'456611206602575872','2188051795'
'456612689762988033','1488774325'
'456613354203668480','390033397'
'456619573031088128','975247506'
'456622741739687937','351720807'
'456628407233560577','1522022274'
'456628714776715264','2472950740'
'456628974957760512','555652663'
'456629631689310210','2472950740'
'456633664768458754','813064693'
'456635074272702464','2220153198'
'456639039001460736','64127556'
'456639052335153154','252629654'
'456639082513182720','1443681110'
'456639099042922497','261330492'
'456639115081940992','238059187'
'456639123910979584','276493272'
'456639139832549376','1715927989'
'456639148749619201','559074553'
'456639156408446978','1804915544'
'456639164482453504','921196927'
'456639176583024640','1235450378'
'456639183163904000','1390693447'
'456639216982560768','310220340'
'456639217775292417','1390693447'
'456639222829436928','422587260'
'456639238457397250','40779940'
'456639254563524609','2205548988'
'456639262574657536','1186287644'
'456639270673846272','2336832030'
'456639286184398848','2343409514'
'456639295336370177','576024802'
'456639299866222594','2416741663'
'456639302818988032','2225306557'
'456639305197166592','308178478'
'456639307252391936','2407697108'
'456639309274034177','2409323966'
'456639311396364288','2409333907'
'456639314022002688','2409335647'
'456639316643426304','2407793473'
'456639318337916928','2409330192'
'456640462636335106','605137940'
'456640809647890434','239796644'
'456648642959380482','2174402707'
'456650653066997760','613235595'
'456651828952698880','2210461808'
'456651835344826368','105861482'
'456654341324013568','1413289388'
'456664957552050176','310898103'
'456674396694790145','1405306327'
'456677610701864961','2188051795'
'456678826026627072','343525023'
'456687746858225664','458114992'
'456689542620119040','2188051795'
'456692345107267584','2188051795'
'456692564943306752','431287958'
'456695879076835330','919927818'
'456696436545945602','483911626'
'456696705644101632','339567206'
'456697225272258562','1647034790'
'456697579732889600','2435236500'
'456697783437635585','2415371672'
'456698076690788352','2359374728'
'456698372142137344','187531928'
'456698399442481152','47976849'
'456700589385068544','26271290'
'456701869549977600','106470278'
'456703499686789120','1603568354'
'456703615650897920','1414684496'
'456703651633827840','362523555'
'456703796677070848','83972205'
'456703862733545472','2177672354'
'456703904319684608','532029122'
'456703959361536000','536561965'
'456704209032056832','801971047'
'456704246814371840','702569346'
'456704279005642752','1226074158'
'456704511197732865','990808856'
'456704514397974529','433119144'
'456704651916619776','161702351'
'456704705486667776','2367486798'
'456704736947740672','581891828'
'456704996910710784','214180592'
'456705053639077888','1351702345'
'456705217556262912','761512087'
'456705258782486528','599951186'
'456705279480983552','1264465572'
'456705304634216448','20322967'
'456705360225529857','269642310'
'456705432464011265','522597443'
'456705498247483392','121750974'
'456705664702636032','1001391986'
'456706094669127680','877686314'
'456706171231948800','60003827'
'456706281282080768','390033397'
'456706351184375808','15378861'
'456706478871945216','81266174'
'456706623650926592','2449309586'
'456706635264962560','451302328'
'456706659780292608','22224434'
'456706677803188224','312438362'
'456706695319023616','736421570'
'456706730483654656','456271043'
'456706743129501696','381298908'
'456706748020031488','92192735'
'456707031089422336','1152729097'
'456707104288829440','2418106597'
'456707133283647489','14471487'
'456707161033166848','30021534'
'456707171900600322','940868814'
'456707180880617472','859271119'
'456707224367157248','545898991'
'456707352389877761','248000199'
'456707483931668481','42785741'
'456708015530336256','1466474268'
'456708227543990272','161634919'
'456708330149249024','2188051795'
'456708363133280256','2363295853'
'456708460667629569','2449323295'
'456708625847701504','2448384072'
'456708934602985472','170596316'
'456709179198013441','435249429'
'456709259393122305','296750184'
'456709518164885504','960744985'
'456709541460078592','2394147968'
'456709547843809280','2448384072'
'456709553556848640','1310847758'
'456709805009145856','1734572240'
'456709872575205376','72859941'
'456710195138154496','403038043'
'456710556699725824','294169449'
'456710760932974593','2280153589'
'456710818332016640','2419458061'
'456710889912025088','553318033'
'456711158091632640','930422174'
'456711165104508928','2270482320'
'456711246453026816','77769781'
'456711322214756352','1599258985'
'456711326526484480','318342349'
'456711418197180416','77150820'
'456711712444792832','426602381'
'456712012915961856','118731087'
'456712291111940096','470293595'
'456712543621230593','111908124'
'456712723837890560','1706658139'
'456714116787232768','1068665858'
'456714271917740032','182752250'
'456715171650486274','282688261'
'456715189568561153','2421164293'
'456715912075161600','180095757'
'456716942163058688','386311759'
'456717477846585345','550635698'
'456717532750028800','747280519'
'456717557651632129','33664448'
'456717657379569664','403290001'
'456717709711925250','350161594'
'456718778387021825','1671701546'
'456719650303119360','383958681'
'456719981649330176','165030316'
'456720492766846977','811274862'
'456720844631183360','609122435'
'456721432605495296','73562685'
'456722404035670018','265168756'
'456722446293270528','184547869'
'456722998783778818','118784466'
'456723140576423937','2354260532'
'456724496515608576','223897078'
'456724639264149504','385428079'
'456725797542166528','104248732'
'456726368953176065','745662300'
'456727062640746496','708625857'
'456727188595687424','535896374'
'456728070297100288','181951978'
'456728640080728064','1008497712'
'456731060710027265','312584835'
'456731245938892801','434488240'
'456731252734062592','312584835'
'456731294223708160','312584835'
'456731314322800641','33540671'
'456731363027058688','312584835'
'456731955967832064','456191126'
'456732278153306112','236231304'
'456732354539573249','2413659385'
'456732936016904192','2340280143'
'456734317285490688','1244649752'
'456735555493978112','616416538'
'456737724876075009','78253708'
'456739604683431936','919927818'
'456739664440066049','507657159'
'456739761970216960','218709261'
'456740427757289472','346590773'
'456741827484192768','94405850'
'456742561982717952','1605694716'
'456742674804916225','2288830166'
'456743242730459136','47027331'
'456743444979793921','117650903'
'456746266924285953','125984602'
'456747184474443776','40069719'
'456748315649273856','212505869'
'456750898727747584','2270482320'
'456750902896914433','2270482320'
'456752706468970496','1017378962'
'456753386130391040','189156087'
'456753545455206401','2188051795'
'456754781675999232','124279281'
'456755359667851265','390033397'
'456756500187594752','2188051795'
'456757580317347840','56114479'
'456762124388548608','49945727'
'456764586767966208','195294403'
'456766213532577793','359530035'
'456766364645343232','59778777'
'456766642056593408','2270482320'
'456768523398701056','472009754'
'456768855361089536','86122170'
'456769870705602560','215329083'
'456770275997016064','881444563'
'456771902682324992','212430536'
'456776035028045824','46882855'
'456776363978919936','597570099'
'456777220250300417','31230042'
'456779312797351936','2188051795'
'456779631686074368','1853633551'
'456780368826232832','976024771'
'456780817851617280','2270482320'
'456780920511406082','90700971'
'456782616234954753','48757284'
'456783548502917120','270019089'
'456784578326175744','295271349'
'456784961907871744','2431329701'
'456786261857284096','2435329602'
'456786604208574464','390033397'
'456786604955152385','390033397'
'456787487914872833','930422174'
'456787494881595392','2270482320'
'456788842800877568','134301663'
'456789136402161665','83972205'
'456789180383649792','1414684496'
'456789226198011904','17381374'
'456789233143783424','125058623'
'456789236398567424','362523555'
'456789291059138560','353168081'
'456789313066246144','2440200553'
'456789392367968256','91601519'
'456789425444225024','1094535194'
'456789447372447744','206045556'
'456789499582767105','82004409'
'456789565328470016','142821822'
'456789579484631040','63996780'
'456789620852678656','134275012'
'456789722740690945','522597443'
'456789783637803009','1225237998'
'456789789329481728','49731272'
'456789791481139202','67735449'
'456789793611866112','141744654'
'456789795654467584','260357231'
'456789798288908288','265168756'
'456789802025639937','134673471'
'456789803372003328','182752250'
'456789804143742976','403539516'
'456789810095460354','610449351'
'456789812087767040','18332578'
'456789814910521344','431755937'
'456789816189788160','754489507'
'456789818186276866','17727993'
'456789820182786048','40598873'
'456789822049239040','2359783068'
'456789824154779649','2218872146'
'456789825878634497','293807710'
'456789873836707840','163514017'
'456789943814074368','56740165'
'456789981130805248','1244649752'
'456790126148866048','481102896'
'456790166171308033','2424280038'
'456790195421974531','21712938'
'456790212488617984','33664448'
'456790214078246912','536561965'
'456790249255862272','121610119'
'456790257912934401','384914964'
'456790336119906304','74256132'
'456790577346924544','22224434'
'456790598695919616','485664690'
'456790622297276417','390033397'
'456791037189435393','454453662'
'456791140071514113','318463633'
'456791142579724288','1152729097'
'456791150859264000','31238219'
'456791234787307520','477139271'
'456791273870225409','358087483'
'456791282707210241','1467424207'
'456791300734337024','930422174'
'456791326571237376','282688261'
'456791334263611393','2421164293'
'456791574899224576','426290352'
'456791650107285504','191427232'
'456791918928613376','207197627'
'456792138991554560','61612638'
'456792354175721472','1605694716'
'456792464779927552','53740788'
'456792468722159616','30021534'
'456792486434705408','2334173898'
'456792564826636288','801971047'
'456792827314192385','231883124'
'456792829356818433','167833475'
'456792928493371392','343021250'
'456793074471956481','847176420'
'456793122047938560','2188051795'
'456793131250237440','2188051795'
'456793341066485760','898207934'
'456793911785041920','2418106597'
'456794024251113472','116114922'
'456794110427693056','15742197'
'456794233655922688','179263476'
'456794320759042049','90073594'
'456794468394336258','44388689'
'456794723361910786','516382706'
'456794796787380224','30018721'
'456794932125003776','312584835'
'456794972470005760','312584835'
'456795862153195521','294169449'
'456795915123048450','265168756'
'456795950237753345','472009754'
'456796078889660417','2442515179'
'456796333991395328','1088422956'
'456796826973134848','1599258985'
'456797029553823746','433579541'
'456797656325435393','121750974'
'456798166017658880','2188051795'
'456799353248550913','144061609'
'456799419401125888','24216744'
'456799681918410753','2188051795'
'456799842593808384','318073135'
'456799881685123072','318073135'
'456800254289928195','148820760'
'456800278583316480','148820760'
'456802057379262466','2443325719'
'456803966005682177','73489675'
'456804966967947265','390033397'
'456805126720614401','56114479'
'456806268590886912','190678900'
'456808381659901955','2281102040'
'456808431978967042','56606196'
'456808757310521344','2188051795'
'456809941706100736','381011787'
'456813935396524032','195294403'
'456814124052123649','132041266'
'456815864184991747','2394147968'
'456816891311312897','2188051795'
'456817135201701888','846485773'
'456817135910522881','1448250524'
'456817164687663104','1689446389'
'456817197000982528','1689446389'
'456817317268422658','2447786623'
'456817395038826496','2258342300'
'456817403717234689','2258342300'
'456817514190618624','2419345423'
'456817615877328896','2182701613'
'456817665097875456','2419345423'
'456818042031194113','245974185'
'456818042178007042','342706707'
'456818051841671168','71577974'
'456818138005266433','2190442764'
'456818147148836864','2190442764'
'456818148017463296','2190442764'
'456818217088864257','1914163603'
'456818222688264192','176003478'
'456818258587299840','989502824'
